{
  "project": "coral_bleaching_tf_efficientnet_b2_ns",
  "training": [
    {
      "phase": "training",
      "emissions_kg_co2eq": 0.1775331498759319,
      "duration_hours": 2.01109860473209
    }
  ],
  "inference": [
    {
      "phase": "inference",
      "total_emissions_kg_co2eq": 0.17847057023085947,
      "num_predictions": 77,
      "emissions_per_prediction_g": 2.317799613387785,
      "time_per_prediction_ms": 511.07745975643,
      "throughput_images_per_sec": 1.9566505642345902
    }
  ],
  "summary": {
    "total_training_emissions_kg_co2eq": 0.1775331498759319,
    "training_duration_hours": 2.01109860473209,
    "inference_emissions_per_prediction_g": 2.317799613387785,
    "inference_time_per_prediction_ms": 511.07745975643
  }
}